<?xml version="1.0" encoding="UTF-8"?>
<c3p0-config>
    <default-config>
        <property name="driverClass">com.mysql.jdbc.Driver</property>
        <property name="jdbcUrl">jdbc:mysql://127.0.0.1:3066/gp-mybatis?useUnicode=true&amp;characterEncoding=utf8</property>
        <property name="user">root</property>
        <property name="password">123456</property>
        <property name="initialPoolSize">5</property>
        <property name="maxPoolSize">20</property>
    </default-config>
</c3p0-config>